x0,y0,x1,y1,x2,y2,x3,y3,x4,y4,x5,y5,x6,y6,x7,y7,x8,y8,x9,y9,x10,y10,x11,y11,x12,y12,x13,y13,x14,y14,x15,y15,x16,y16,x17,y17,x18,y18,x19,y19,x20,y20,x21,y21,x22,y22,x23,y23,x24,y24,x25,y25,x26,y26,x27,y27,x28,y28,x29,y29,x30,y30,x31,y31,x32,y32,x33,y33,x34,y34,x35,y35,x36,y36,x37,y37,x38,y38,x39,y39,x40,y40,x41,y41,x42,y42,x43,y43,x44,y44,x45,y45,x46,y46,x47,y47,x48,y48,x49,y49,x50,y50,x51,y51,x52,y52,x53,y53,x54,y54,x55,y55,x56,y56,x57,y57,x58,y58,x59,y59,x60,y60,x61,y61,x62,y62,x63,y63,x64*,y64,x65,y65,x66,y66,x67,y67,x68,y68,x69,y69,x70,y70,x71,y71,x72,y72,x73,y73,x74,y74,x75,y75,x76,y76,x77,y77,x78,y78,x79,y79,x80,y80,x81,y81,x82,y82,x83,y83,x84,y84,x85,y85,x86,y86,x87,y87,x88,y88,x89,y89,x90,y90,x91,y91,x92,y92,x93,y93,x94,y94,x95,y95,x96,y96,x97,y97,x98,y98,x99,y99
3740,216,1532,208,32,156,464,132,316,296,3668,112,60,268,600,344,2744,2376,76,588,1776,2420,3064,320,108,348,44,48,44,256,388,152,244,292,920,248,500,176,68,832,196,228,100,508,356,124,120,40,132,232,584,24,12,188,576,116,184,24,2680,2232,292,20,204,48,560,2332,720,2152,224,212,204,424,408,296,596,44,556,384,200,112,300,676,1272,48,76,168,96,228,340,648,620,292,328,56,756,92,384,468,608,100,884,88,440,68,280,12,2140,586,204,200,2644,220,1116,1336,2636,156,692,16,1588,140,2144,368,956,48,160,141,740,92,292,120,3508,248,1004,260,2664,160,2464,160,3092,8,600,708,1284,16,2916,84,3616,32,2876,12,213,675,30,495,201,111,15,2397,75,39,24,198,78,1476,51,753,24,1425,159,105,141,132,99,771,84,1719,198,579,81,1860,51,1293,60,2031,9,1413,66,432,258,1074,87,1791,723,1131,78,1032,153,2406,165,1815
3712,868,1380,272,1312,12,352,472,936,464,3528,484,476,360,904,284,3528,2324,632,980,1728,2348,3296,908,288,988,124,132,232,692,104,396,508,192,1128,192,128,844,288,680,756,76,352,360,1420,88,200,44,424,544,696,272,152,752,580,212,192,544,3028,1964,264,88,128,28,496,2336,1088,2420,376,408,628,380,168,480,1056,16,592,660,792,32,860,100,1520,412,212,224,40,352,600,644,684,488,524,96,1064,40,920,20,556,292,40,648,260,152,872,40,2388,574,292,284,2644,160,720,1396,2764,116,68,372,1616,304,2048,208,1012,20,268,109,1252,120,100,256,3472,708,1276,352,2444,260,2172,336,1448,96,684,312,1436,60,3232,164,3624,380,2808,12,267,1152,129,87,255,693,84,1941,147,1728,18,855,186,855,96,1698,171,1866,216,495,375,1011,405,435,144,99,123,1854,120,1551,63,1494,30,60,6,2151,333,2172,273,1320,111,51,174,417,309,282,231,1755,192,1902
3676,268,400,100,1392,40,4,548,196,956,3672,724,908,148,1224,140,3664,2152,788,1028,1656,2328,3284,956,132,1352,88,588,352,660,20,544,976,320,860,580,168,1120,616,888,704,148,452,940,1048,192,336,220,196,724,468,564,600,476,464,392,448,560,3556,1716,468,84,208,276,180,2372,1264,2212,680,396,616,464,484,504,1748,16,808,1124,1276,96,376,12,1948,280,84,312,616,480,712,356,756,920,268,412,1952,76,1676,416,588,516,88,1232,740,688,740,280,2512,1094,400,800,2780,20,644,976,2984,304,72,296,1888,396,2104,116,1576,208,360,53,1848,24,256,592,3420,760,1260,408,3348,388,2404,388,2248,468,1568,564,1372,280,3304,152,3564,400,2428,868,375,1449,258,1545,219,864,105,1794,189,1557,120,342,141,1401,3,2115,312,732,171,1311,387,690,414,1221,216,513,231,1323,243,2235,120,741,54,204,66,1068,321,390,375,1440,294,1317,108,2127,297,1569,273,1212,258,1524
3340,344,284,120,688,308,1116,320,392,1088,3192,832,372,664,648,688,3532,1980,1212,520,1412,2220,3284,1152,212,1448,672,656,1188,180,212,684,1208,168,488,640,660,848,772,784,896,184,48,1056,704,760,316,364,456,908,528,700,776,396,1352,80,676,752,3632,1756,620,240,272,1152,148,2252,1324,2028,788,388,1216,48,640,404,1236,228,1200,1028,2148,40,1532,76,2416,352,328,716,568,656,1084,52,476,1212,192,920,3096,100,2672,236,464,728,156,1296,944,580,688,760,2664,1594,748,2016,3612,20,944,856,3208,536,116,236,1784,564,2248,80,1416,504,1128,125,1912,80,228,736,3672,1536,660,500,3632,556,2872,428,2008,716,1672,196,1360,568,3660,316,3664,1092,2556,584,450,552,360,24,102,1695,225,1428,192,1158,186,1209,174,1347,57,2250,366,483,201,2172,456,1713,672,2064,249,1983,327,189,312,1068,270,1287,117,2001,159,1875,510,456,564,1863,288,2133,153,2382,387,1731,285,1830,285,1299
3096,240,444,148,552,640,2088,148,28,1732,3100,1316,108,808,744,652,3676,1324,1096,284,804,2144,3188,1660,580,1572,916,628,1384,8,368,636,1396,260,12,1040,884,408,804,496,720,316,720,992,1264,676,284,972,864,604,352,768,744,772,2236,16,68,1080,3400,1284,24,484,512,1352,356,1992,1380,1948,1004,52,928,580,648,572,1852,316,412,1528,2044,400,1560,324,2252,560,180,952,428,960,996,616,16,1172,228,884,3312,20,2552,696,920,856,624,1372,1268,348,320,940,2456,1290,732,1668,3088,764,1204,820,3404,488,60,168,2040,176,2684,308,1140,468,1208,225,2868,128,40,1216,3552,1796,932,580,3692,564,3424,324,1380,704,1124,760,1732,664,3704,384,3324,728,2256,652,489,564,495,261,57,2109,273,1341,258,1104,300,1431,243,1341,270,147,381,1149,414,1269,435,2316,666,810,615,1857,621,2106,312,414,300,1188,198,1104,204,1848,480,933,639,1260,441,561,330,2184,591,951,366,2040,303,714
2828,168,624,456,144,1184,2408,112,556,1812,3560,1556,204,952,1004,704,3032,1528,1312,168,560,1952,3364,2056,424,2024,1068,548,1704,8,1028,572,1452,264,36,1612,1280,332,1348,136,1688,12,1464,976,1872,908,364,952,684,1392,568,1136,440,1368,2448,428,184,1460,2548,1616,336,624,444,1420,340,1248,760,1876,1336,8,864,636,772,704,2844,140,776,1756,1792,664,2160,20,2420,592,564,1008,204,968,1128,708,244,1636,496,1200,3320,284,2492,740,1188,996,512,1600,1656,300,160,868,2468,1354,1244,348,3672,1152,1016,684,3076,928,376,508,1768,1048,3160,48,472,260,1148,541,3576,40,460,1404,3160,1340,1128,804,3600,1044,3512,260,1500,1024,1512,804,1596,812,3480,556,3428,304,1928,404,492,912,507,1236,366,2349,219,1746,258,1164,366,1881,228,1407,300,627,810,1230,600,1347,498,1935,729,600,924,288,708,1995,642,681,372,1704,270,699,198,1365,576,1245,588,255,567,1548,405,1317,699,474,396,2415,366,1023
2920,444,184,712,284,1084,2400,280,568,2012,3176,1832,376,996,1308,648,3120,600,1752,180,632,1924,3568,2380,1072,1664,1272,204,2300,152,1068,216,1960,44,172,1716,1528,576,1528,232,1896,272,1088,1456,1552,596,552,980,80,2024,400,1400,464,1824,3424,32,136,1664,464,136,36,1328,552,2016,412,876,324,1848,1292,520,288,832,1004,724,2972,64,256,2068,1568,708,2228,80,3280,172,572,1376,532,1052,1328,516,208,2092,460,2160,3440,508,2144,876,628,1888,420,1764,1612,252,44,1496,2308,294,868,740,3660,1092,1112,364,3600,1140,388,376,2008,1192,3128,528,220,564,1260,765,3620,884,548,1924,3196,1184,1160,880,3604,1428,3712,208,1352,1032,2052,772,1936,1080,3664,880,3124,112,2076,248,558,999,468,1770,486,972,279,1767,168,240,480,1485,228,1434,333,1875,1017,522,594,1917,588,594,870,2214,939,348,771,408,675,1113,402,1533,312,258,264,396,474,2256,897,258,711,960,450,1200,780,561,363,465,519,246
2900,624,944,748,492,2364,2992,408,632,2164,2912,2344,688,1136,1352,788,3488,672,1788,328,484,1700,3676,2432,1004,1716,1736,516,2528,56,1492,60,1780,368,664,1920,484,1784,1632,480,2028,316,564,2264,1400,816,180,2264,728,2280,568,1460,16,2060,3680,1200,160,1844,496,260,164,1708,1232,1860,316,588,184,1744,1584,612,552,944,812,868,584,808,392,2196,1576,976,2352,176,3624,316,416,2224,556,1420,1432,420,44,2100,88,2388,3668,516,2000,840,216,1788,284,1836,1700,220,472,1108,2564,206,604,1036,3444,1388,1372,420,3480,1272,984,472,2168,1112,3500,556,32,856,1048,837,2868,680,240,2064,2960,1572,1248,912,3304,1516,3448,608,1200,1400,2452,656,2316,624,3256,832,2980,184,2044,84,552,720,741,1767,513,1548,408,1815,219,348,564,1917,195,1455,417,1851,969,1926,639,2055,423,21,1293,1704,1299,1479,936,645,828,2091,588,1656,360,1035,375,1104,552,2316,852,1443,693,1947,426,1002,978,234,447,924,603,819
3200,1076,696,1168,540,2160,3736,404,744,2024,3408,2436,604,1284,1672,796,3708,344,2212,520,16,1400,3296,2216,1116,1612,2048,440,2892,12,1532,220,1852,500,560,2132,516,2016,1812,792,2012,436,480,2420,1344,684,772,868,884,2260,308,1656,68,2276,3432,1124,212,2004,1076,28,264,1820,1556,1772,288,184,300,1620,1972,664,600,1284,656,964,504,980,460,2424,1224,780,2796,200,3164,1056,780,1828,660,1524,1456,796,580,2128,1128,1056,3316,588,932,752,176,2408,12,1936,2076,624,572,1648,2168,214,564,1084,3352,1512,1416,28,3320,1520,1312,376,1824,1316,3476,692,848,764,1072,765,2760,812,268,2332,2872,1412,1308,1000,3060,932,3412,1196,1200,1800,2512,212,2356,464,3040,864,3132,308,2304,60,618,381,753,1860,711,2358,291,2223,396,885,645,2259,174,1461,444,1224,1161,1554,621,996,684,501,1233,2418,1257,267,1029,2403,906,2043,606,1893,474,2379,387,1890,642,2007,888,1371,663,2259,471,789,1011,1695,678,1473,540,1878
3420,1144,916,1356,688,2368,3656,1180,888,2324,2564,1876,44,1964,1864,664,3736,88,2488,480,48,1324,3032,1268,1320,1964,2480,432,3060,172,1520,328,2132,712,884,2252,100,2200,2404,916,2304,336,1392,2400,2900,320,1088,820,924,1844,1252,1832,408,2216,3140,1124,20,2188,1576,192,1256,1424,1532,2076,308,36,236,1336,2092,244,496,1428,428,1052,1220,692,868,2268,552,528,2928,268,3484,1272,832,2100,412,1696,1852,680,564,2412,916,892,3248,860,448,756,712,2304,192,2416,2204,512,804,1708,2144,30,892,1148,3704,1848,824,164,3504,1736,1640,608,1716,1116,3440,1000,956,1068,536,1057,2736,872,276,2208,2464,1632,1444,1228,2528,1204,3168,1368,832,1816,2556,48,2428,284,3096,536,3052,340,1720,32,957,813,819,2367,675,699,303,2301,399,243,711,1305,156,1869,504,171,1320,531,666,537,858,1062,1239,774,1281,222,1134,1431,741,78,597,135,573,1602,621,372,897,828,987,1215,723,2316,1005,1218,1077,1029,657,708,558,2175
3396,1324,392,1776,864,2344,3736,1608,1248,2344,2804,2264,164,1904,1208,1060,3652,32,2672,228,564,1268,2996,1192,1236,1312,3340,320,3172,224,2020,92,2508,468,1224,2008,1252,2040,2736,484,3012,216,1424,2188,2916,748,1256,448,1584,1936,1456,2068,796,2372,2532,820,1036,560,2332,104,1432,1568,1672,2360,56,84,100,1212,2600,92,280,2072,368,1156,2024,584,1284,2220,436,708,3156,176,2716,924,956,2116,16,1860,2172,496,780,1532,664,816,3584,980,36,1384,1080,1972,456,2380,2552,460,980,2028,1568,254,892,1080,3228,1664,828,252,3612,1772,1404,680,1584,1076,3004,972,1116,996,80,857,2768,944,1016,2384,2584,1764,1400,1444,2824,1632,3720,1808,516,1680,2424,52,2724,244,3000,404,2916,1104,1424,704,975,33,759,627,729,1599,426,1926,381,1482,744,1248,366,2256,606,288,1359,1638,699,1377,915,2286,1443,1059,1377,888,1233,1113,915,456,897,867,378,171,732,1347,1065,252,1134,579,768,228,1053,1446,1227,1857,792,804,516,2370
3080,1324,468,2068,788,1884,3276,1748,1292,2332,2956,1768,820,1788,1104,1244,2324,2292,2700,460,916,1396,2964,1012,1636,808,3688,1076,3612,304,2532,32,2776,344,1228,1888,804,1956,3264,336,3076,256,1172,2068,2088,1064,1440,376,1996,2376,1244,1380,1524,2248,2356,1184,1188,888,3092,92,920,2424,2100,2264,140,272,100,1080,2872,44,388,2428,312,1192,2560,600,1996,2052,48,556,3316,536,2668,992,1064,2168,472,2248,2304,148,896,1584,1428,372,1616,280,232,1548,1224,2160,1488,2016,2848,340,900,2012,1560,686,968,1216,3172,2336,180,480,3344,2288,1368,824,2112,1520,2632,820,1300,1080,388,1348,2584,916,1312,1948,2656,1796,1272,1576,3060,2036,2816,1684,468,1720,1756,284,2868,300,2100,948,2512,1100,1632,928,1125,192,906,663,903,1689,513,1209,447,2367,789,633,384,2034,660,1206,1848,1617,876,1593,993,2064,1539,2436,1359,1908,1509,1443,981,1188,972,2316,516,126,750,831,1137,237,1272,54,828,489,1077,90,1383,1518,867,1077,498,2433
3244,2016,196,2264,736,1248,3052,1744,1692,2308,2920,1712,1044,1908,788,1260,2324,2208,3112,8,1020,1404,2640,20,1432,388,3196,1172,3668,364,2884,164,2788,296,1076,1708,1308,1800,3640,432,3152,128,1188,1944,2572,1164,1344,176,1584,1636,1720,1236,1220,1560,2012,852,1120,1036,2464,636,1496,1964,2192,2216,1000,136,180,860,2892,228,512,2324,248,1304,3080,616,2440,1988,32,1000,3740,768,2312,1372,1200,2296,60,2428,2564,188,1116,1580,1484,424,1644,540,412,1220,1436,2176,1428,1992,3364,396,716,2140,1584,906,1168,1160,3368,2428,144,248,3100,2036,1548,984,664,396,2620,588,1112,1176,812,1288,2500,604,1080,1872,2784,2080,680,1412,3212,2164,2752,2040,220,2136,3184,96,3324,192,1948,960,2564,732,1696,1160,1104,528,963,660,1059,924,702,1059,663,507,867,462,393,456,615,1629,2064,1803,984,2424,969,789,1530,2079,1422,750,2019,2004,1011,2295,1071,1029,567,72,891,1074,1131,810,1209,1431,864,567,1140,261,1548,1521,915,1233,624,1653
3092,2280,1112,1756,1028,808,3020,1576,936,1464,2356,1728,1616,360,500,1308,2124,2180,3056,824,1380,1140,2580,924,2160,264,3052,1188,3632,680,3092,264,3544,180,1276,1728,1412,1564,3728,612,3044,24,1424,1692,3256,1416,1276,116,2468,1652,1668,1660,916,1260,1888,932,2372,520,1696,568,1856,2160,2324,2420,1148,452,252,580,3456,220,632,2344,80,1444,3572,752,2836,2388,768,1264,3280,800,2172,1456,1484,1556,604,1852,2468,388,1284,1212,1688,380,2164,596,612,1132,1436,2244,1204,1732,3448,688,616,2416,1888,1286,1472,1132,2636,1836,456,852,2364,2104,1092,1228,860,520,2592,584,1628,1276,912,1528,2272,692,1228,1664,2120,2116,124,1348,3172,2236,2592,1772,176,2408,3328,392,3500,220,1984,844,2572,428,2404,1640,1320,1695,1026,939,1236,324,912,1281,657,1362,939,594,393,300,582,1962,2118,1422,1038,2367,1191,1980,1602,1962,1566,1293,2205,2025,1200,2067,1089,765,630,171,1041,1626,1203,1272,1314,2253,1044,2325,1185,273,1620,2274,924,1407,897,1161
2592,2032,1136,2240,1124,1144,2996,1816,1244,904,2028,1932,1404,1588,44,1260,1592,2276,3320,948,1052,524,2692,1544,2280,40,3092,1068,3160,464,3092,340,3720,864,1616,2276,1228,1252,3408,1084,3324,328,1888,1876,3712,1508,1532,224,2756,2352,1752,1680,1320,760,1528,812,2616,664,1316,536,1888,2272,2452,2316,1460,320,420,440,3560,16,656,2284,28,1540,3392,920,2960,2112,792,1472,2720,960,1980,1496,1232,1368,828,2028,2936,360,1772,2164,2048,552,2300,652,1016,1412,1604,2332,1404,1684,3420,956,1376,2412,1644,1376,1568,1276,2640,1632,512,1940,2176,2048,840,1572,1112,568,2508,964,1528,1616,980,1480,2072,896,1716,1252,1940,1956,676,1752,3212,2412,2692,1432,1884,2112,3552,460,3564,428,2108,468,2584,156,2680,1372,1287,1896,939,1698,1275,6,1008,495,792,1509,1023,831,510,501,681,1662,2229,132,999,633,1236,1935,1617,1080,1569,1578,2259,1173,1143,1254,1134,630,726,792,1176,498,1191,1605,1347,2232,1140,1362,1218,129,1740,1605,906,780,1089,906
2640,1676,1240,2264,1064,1752,3052,2276,1292,724,1724,2336,1552,1488,12,1868,1428,2312,3740,1504,772,392,2444,1936,2496,620,3076,1760,2764,272,3604,536,3172,1144,1328,2424,1748,856,3100,820,3276,760,1932,1500,3732,1568,2196,168,3496,2416,2156,1552,1708,272,1432,580,3220,160,1176,476,2388,1828,2284,1984,1604,484,660,160,3460,520,900,2036,304,1588,3708,1148,3436,2040,788,1920,2712,888,1568,1128,1256,1120,968,2364,3056,432,1548,2284,1824,944,1960,1100,480,2032,2044,2300,1760,2004,3544,1320,1548,2344,1456,1072,1900,1696,2148,1344,448,1788,2348,1740,924,1816,804,788,2612,1484,1344,2200,1192,2004,2108,1068,2940,2056,1848,2308,868,1756,3036,2432,2260,1800,2000,2272,3592,544,2684,588,1872,412,2596,64,2652,1184,1284,2070,939,1818,1503,1416,1155,1197,819,426,1017,1992,645,768,774,1257,2418,255,945,195,1233,318,1932,1521,1674,921,2244,1050,1221,315,1095,1521,912,789,1299,2013,1152,2004,1347,1767,1149,1581,1218,1767,1716,990,945,627,1101,1944
2784,1352,1276,2228,1080,1968,3304,2388,1376,800,2052,1704,1704,2052,64,1864,1040,2340,3352,1336,504,304,2472,1660,2556,680,3208,1808,2712,1088,3236,584,2944,988,1916,2404,1728,780,2936,1156,3568,932,1776,1172,3404,1684,1576,848,3200,1996,2296,1860,2284,140,1796,512,1308,1260,1076,752,1796,1380,2116,1952,1904,704,572,892,3368,736,1432,2084,404,1588,3320,1180,3700,2132,364,2188,2568,636,1240,796,1320,1064,1624,2120,3356,596,2272,2156,2344,924,2020,1148,660,2140,2132,2188,2268,2232,3644,1524,1280,1720,1352,750,1908,1468,2072,1280,340,2116,2592,1448,852,2132,700,1196,3108,1628,524,2152,1468,1884,1920,564,2984,1856,1392,2144,972,1896,2856,2260,2148,1420,2092,1064,3624,324,2780,800,1684,788,2340,320,3256,1816,1515,2229,1086,1590,1578,1698,1092,1998,831,2382,1131,1506,690,2085,738,2154,2712,54,1080,1005,1416,1971,1959,1365,1836,1554,2247,789,1395,594,1188,1326,1020,1818,1386,2391,1602,1422,1377,1620,1278,1719,1263,1791,1830,1554,957,336,1398,2019
2544,1304,1612,1664,1396,1248,2476,2436,2336,2388,1904,1432,1552,2196,200,2212,732,2156,3116,1392,352,244,2212,1372,2292,836,3464,1892,2968,1140,3328,956,2740,848,2432,2260,2164,260,3096,1396,3488,976,1592,1172,3288,1936,1632,1220,3396,1600,2264,2056,2536,132,1816,616,1268,1416,568,688,1908,1284,2136,1872,1696,936,844,924,2524,796,1492,2244,440,1756,3224,1488,2672,1676,112,2208,2432,840,744,1276,996,1064,1540,2108,3380,784,3692,380,2740,924,2684,1132,48,2340,2180,1784,2424,1928,3732,1788,1684,1820,1620,434,2060,1400,2496,372,132,2284,2524,1276,812,2360,388,1276,3256,1744,416,2408,1588,2064,1312,508,3580,2164,1800,1720,1064,2184,2496,2348,2092,1176,2432,972,3328,756,2728,1020,2484,1244,2180,936,3672,2360,1782,2175,1041,435,1572,1989,1209,1740,1023,2139,1146,2178,819,1605,777,2304,2721,363,1140,1224,1440,1497,1989,2022,1932,327,2271,432,1500,420,1185,1968,1122,198,1413,1647,1476,78,1464,1770,1311,2094,1464,2220,1854,1641,954,249,1581,2235
2428,1684,1432,1292,1664,1004,2548,2436,2344,2240,2524,1244,2112,1792,72,2220,616,1948,2848,1108,88,284,2428,1140,2440,1672,3284,2276,3292,1172,3108,908,2732,1232,2712,2024,2312,720,3688,1572,3536,1344,1820,984,2464,2400,1944,1252,2944,1312,2308,2328,2748,112,1380,1184,1564,1416,256,372,2004,1188,3256,2320,1012,972,716,1116,2588,1136,1224,1468,536,1824,2736,1048,3120,1664,1332,2336,2364,444,392,1320,628,440,1092,1412,3512,1048,3520,380,3112,1316,2740,1308,1628,1904,1564,1548,2176,1908,3284,2248,1432,1436,1324,650,2132,1024,1844,80,132,2352,2612,1108,384,2280,292,976,3644,1604,1904,2108,1248,1304,860,532,3616,2308,1720,1640,336,2200,2132,2264,2052,956,2696,944,3400,900,2828,1144,2852,1072,1952,296,2868,2160,1857,1674,1068,345,1536,2394,1323,2322,1083,1842,1269,1323,789,1017,777,75,2712,456,1212,1107,1425,438,2160,933,1944,828,2310,237,1857,1209,1227,2328,1158,363,1431,846,1680,351,1578,2325,1416,1818,1389,582,1863,1689,1008,603,1737,2043
2216,1920,1304,912,1704,1856,2684,2248,2084,1988,2360,936,2472,1860,240,2296,428,1668,3008,1964,800,72,2216,112,2604,1980,2524,1840,3364,1384,2880,1068,2808,1272,3476,2388,2584,860,3680,1800,3644,1632,1920,1000,2244,2316,1952,1352,3288,1092,2732,1904,3304,48,1652,1264,1656,1836,180,388,1828,1072,3252,1424,764,1052,628,1292,2704,1220,988,1200,572,2196,2584,1068,3456,1260,1856,1812,1904,908,176,1576,524,316,1228,1360,3468,1068,3652,716,2632,1668,2812,1420,1624,1840,1556,880,2112,1808,3320,2400,1256,1068,1112,826,2124,812,1848,408,400,2320,2180,1232,300,1136,68,776,3704,1624,1804,2384,1484,1136,936,568,3112,1252,1508,1508,260,2032,1964,2180,1980,964,2744,364,3240,1000,3100,1500,2864,1248,1840,176,2864,2008,2022,1659,1182,417,1809,1626,1485,1809,1014,1506,1257,342,651,432,1281,198,2712,1302,1269,810,1491,468,2304,327,1926,948,2337,564,1899,441,1344,1734,1437,1539,1506,1488,1797,294,1743,2178,1335,1338,1485,315,1962,1926,978,936,1566,675
1944,2240,1856,356,1888,2188,2372,1960,2260,1612,2644,936,3116,2236,504,2084,20,1400,3132,2136,1152,280,2116,148,2716,1912,1640,1900,3540,1836,2968,1168,2792,1452,3420,2232,2656,756,3276,2088,3244,1848,2264,460,1656,2212,2136,1468,3108,800,3440,1992,3652,472,1720,1608,2512,1756,188,1892,1628,996,3124,1224,1276,1320,732,1380,2924,1216,1252,808,88,2260,2152,876,3256,960,1948,1760,1784,796,520,1992,636,96,1192,1012,2780,1952,3072,568,2796,1892,3012,1412,1872,1696,1492,628,1724,1552,2856,2084,1516,624,1244,1114,2104,712,1860,608,936,2244,1920,1908,544,1060,56,428,3380,2124,1580,2432,1576,872,1356,780,3296,1080,1488,1292,1500,1892,2100,1984,1640,1336,3472,64,2992,1052,3432,2140,2860,1648,1832,580,2608,1916,2109,2037,1326,2133,1869,1956,1518,2013,942,15,1386,1743,750,405,1521,774,2895,2055,1428,471,1692,1743,2451,765,1989,990,2454,1113,1971,438,1350,1440,1512,2202,1614,2019,1812,2100,1563,1362,1392,300,1743,1125,2001,1668,1077,1956,1674,912
1780,2216,1728,824,2068,1908,2000,2240,2224,1296,2520,696,2768,1852,656,1868,552,1372,3592,2164,1528,68,1964,536,3020,1436,1372,2304,3524,1900,3148,1128,3332,2028,3556,1784,2808,476,2668,1812,2976,1892,2356,388,988,2120,1836,1748,3400,696,3356,1616,3024,696,1800,1972,2416,1700,24,1876,1284,712,2912,1144,1372,1728,1184,1252,3080,1136,1820,628,1132,2228,1292,1140,3616,832,2272,1672,1452,928,360,2136,1552,392,1204,776,3448,2016,2900,704,2320,364,2844,1760,1820,1512,1324,416,1988,1448,2472,2276,1648,164,1208,1254,1892,688,1848,952,1552,2376,1896,1832,40,1176,128,1364,3104,2016,2640,2112,1684,1184,1316,956,3148,604,1660,1152,1496,1800,2056,1548,1284,1456,3616,424,2608,744,3336,2056,3452,1904,1592,616,2556,1892,2277,1497,1371,2421,1854,1107,1554,1875,987,51,1398,2256,783,105,1485,1707,2961,1653,1449,1014,1785,1641,2442,2406,2193,1533,2307,2283,2025,870,1290,990,1467,396,1572,792,1875,1383,1518,945,1620,957,1842,888,2031,1326,1056,2106,1833,1731
1744,2116,1612,1076,1964,540,1784,1972,1984,928,2280,464,3108,1792,1024,2328,1400,1476,2552,2344,1880,376,1864,732,3380,1168,988,1508,2936,1488,3172,1176,3732,1524,3252,1704,3212,860,2440,1504,2992,1708,2976,500,904,2320,1844,1884,2276,684,3460,820,2176,732,2148,2096,2480,1516,684,1892,1164,576,2412,1252,1568,1596,1460,1372,3200,824,1652,760,912,1868,1036,1248,3604,776,2180,1308,1296,1164,704,1604,1820,400,912,424,3704,2156,1748,348,2400,276,2896,1792,1732,1212,1340,220,2424,1464,2480,2092,1768,804,1092,1094,2416,320,1744,1276,1472,2404,1804,1196,68,1032,24,1448,2924,2040,2996,1928,2108,1724,1128,1336,3632,436,1716,1196,1636,1516,2200,1764,1136,1188,3444,892,2480,844,2932,2056,3600,1768,1472,868,2456,1836,2262,1047,1413,2265,1785,780,1650,2283,1239,102,1392,180,930,336,1458,2178,3075,2067,1458,1581,1755,1125,2904,987,2229,1665,2415,2199,2154,831,1326,1038,1518,213,1647,660,1944,303,1710,63,1617,1089,1896,1866,1935,912,564,2433,1869,1506
1872,2080,1940,2264,2032,772,1948,1900,1904,876,2192,768,3188,1540,1584,1608,1844,1540,2168,2128,1540,544,2032,896,3412,1112,320,1824,2892,1440,3272,1156,3304,2088,2488,1760,3400,540,2120,1432,3328,1412,3236,704,676,1540,1996,1776,2168,728,3380,552,2192,1072,2540,1920,2320,1016,824,1628,1320,420,2424,1308,1704,1500,1336,1476,3360,1032,1704,804,868,1460,444,1728,3428,684,2008,1304,1444,1372,864,2016,1788,1224,848,372,2540,1472,2028,1224,2880,72,2900,2384,1804,1080,1124,88,2608,1516,2560,2096,1780,1144,1124,1134,2692,136,1820,1656,1696,2304,1920,708,2144,1812,308,1636,1816,1576,3480,2160,2008,1600,972,1252,2708,148,1744,1388,2096,1604,2192,1316,1112,1172,3688,1080,2432,1176,2768,1940,2500,2252,1544,1048,2428,1980,2205,480,1479,1827,2232,282,1680,1815,1275,1629,1560,633,978,222,1521,2142,3111,1989,1608,2118,1821,870,2892,603,2256,2103,2610,1071,2121,147,1428,1296,1584,96,1875,285,2007,507,1833,21,1674,513,1923,1791,1890,477,1380,1998,1926,1317
1908,1512,2008,2140,2316,1600,1168,2176,1704,832,1912,652,3708,1540,1704,1540,2080,1552,1868,1596,1776,1080,1612,1196,,,,,2984,1424,3152,1524,3308,2284,1800,1544,2476,1208,2052,1244,3008,1436,3556,708,1124,1124,2276,2076,1992,456,2976,304,2032,1320,2988,1960,2612,1144,1188,1168,1548,472,1672,1108,1984,1552,1368,1644,3636,1112,1736,900,840,1436,452,2024,3640,480,2268,1184,1664,1520,920,1968,1820,1368,744,84,2152,1928,2200,1416,3124,188,3192,2376,2344,1656,1924,176,3108,1568,2556,1992,1736,1340,1112,1334,3004,84,2112,1972,2308,2384,2112,616,2288,1884,740,1444,1764,1296,3184,2324,2612,1636,744,1228,2740,24,1804,1388,2204,1368,1736,1320,1496,744,3596,1232,2476,1292,2824,1800,2472,1988,1552,1300,2360,2260,2313,1341,1551,1992,2475,507,1572,1398,1434,1386,1593,201,1017,255,1653,1989,3222,2223,1704,897,1782,2334,3123,1773,2337,1524,2613,345,2244,483,1410,1686,1665,1038,2067,1914,2073,1809,1851,531,1617,1422,2028,2115,1980,582,1194,279,1965,906
2036,1676,2060,1740,2456,1484,948,2376,1768,884,1556,1100,3684,1372,1780,1832,1400,932,1388,752,1664,1488,1664,1704,,,,,3256,2288,3272,1556,2396,2380,1644,1236,2964,1596,2008,1752,3044,1004,3584,516,1204,1472,2356,1692,1608,824,3096,224,1732,1652,3084,2112,2840,1280,1308,1056,1900,216,1436,920,2040,1204,1920,1568,3160,1332,1540,1112,928,1100,636,1928,3372,112,2328,2252,1816,1356,952,1708,2008,2340,1972,556,1948,2036,2576,1084,3440,56,2224,1780,2100,1908,2908,2432,3544,1820,2816,1624,2048,2384,1048,1086,2660,604,1552,1768,2856,2296,1572,1152,2260,1964,1020,1524,2020,1008,3424,1492,2680,1840,640,1140,2512,68,2596,1000,2320,1264,1588,1212,1392,636,3536,1300,2632,1460,2508,1588,2196,2128,1700,1568,1740,2060,2328,1110,1473,471,2358,1629,1653,825,1140,2364,1707,1551,996,1929,1605,18,3069,954,1812,999,2013,1806,3168,2271,2397,1359,2661,618,2331,1014,1434,1770,1701,468,2145,264,2037,2148,1653,1110,1656,1893,1989,129,2337,483,1305,471,2061,1506
2120,1440,2184,1508,2360,2164,760,2264,1876,692,1504,1008,2580,1472,1948,1368,1544,712,748,1472,1856,1424,1680,2076,,,,,3072,2416,3428,1784,2344,2408,2356,1120,3280,1568,1868,1880,2848,824,3476,848,1412,1692,2492,1800,1824,988,3180,100,2392,1480,3396,1820,3340,1888,1460,1420,2544,4,1456,360,2128,1264,1628,2032,3440,1752,1712,1296,1160,1336,848,2284,3112,296,2776,2372,2392,1568,1032,1720,2468,1696,1928,524,1296,2256,2968,1148,3608,688,2076,1696,2116,2212,3360,2260,3600,1564,2104,1608,2160,2280,944,1370,2368,796,1516,1784,2980,2264,1260,1380,2288,1748,756,1844,1932,520,3372,1512,2820,1864,588,1056,2280,156,2700,752,2004,1244,1780,1116,1076,300,3280,1196,2732,1600,2332,1616,1880,1968,2880,1640,1484,2004,2520,2214,1620,609,2535,1323,1737,1245,1548,1833,1794,114,1014,2178,1728,1185,3066,264,1926,582,2073,546,3186,2052,2463,1275,2775,783,2337,1722,1608,1626,1800,873,2223,1143,2238,2079,1998,1563,1695,1779,2190,747,2214,2385,1320,390,2253,1374
2308,1312,1968,1028,2728,2084,796,2104,1836,24,1208,1248,2648,940,2056,1172,2356,508,676,1508,2072,1292,1672,2172,,,,,2628,2352,3332,1916,2412,1612,2744,1376,3276,1920,1952,2160,2628,972,3220,852,1608,1724,2532,1840,2136,1252,3112,28,2456,1888,3664,2404,3456,1896,1460,1648,2880,84,1912,88,2208,1192,1772,2344,3612,2072,1672,1384,1644,1816,1016,1976,2636,120,3504,2064,2980,1820,1668,1904,2468,2340,2200,204,1092,1684,3384,1216,3276,564,1656,2184,2564,836,3264,1724,3700,1516,1784,1492,2200,2396,612,914,2436,968,1528,2056,3184,2384,1064,1452,2348,1784,664,1932,1484,568,3484,1144,2940,1976,556,1000,2328,344,2764,604,1992,1188,2140,320,608,372,3136,1124,3056,1716,2208,1524,2420,1488,2940,1408,1080,1644,2535,2397,1716,627,2592,1812,2010,744,1635,1707,1875,627,1176,732,1776,1065,3177,96,2013,402,2355,702,3141,783,2448,1581,2781,1071,2400,888,1638,1518,1842,453,2343,1557,2103,312,2136,1014,1773,1710,2472,1245,2403,2127,1530,9,2370,786
2024,656,1936,976,2744,1900,996,2028,2156,256,972,2136,2808,860,2260,1152,1664,88,780,2160,2100,1656,1996,2124,,,,,2320,2204,3224,1844,1768,1764,2828,1412,3664,1920,2012,2296,2612,1456,2888,868,1828,1812,2884,1744,2008,196,1648,476,3212,1552,3116,2372,3496,2068,1316,1724,2752,256,2328,668,2444,912,2248,2336,3104,2168,2748,8,1576,2140,1096,2156,2752,352,3160,1760,3496,1656,1748,1920,2604,2432,3056,40,588,2260,3596,1344,3040,732,1496,2200,2624,832,3696,1232,3460,1512,1584,1524,2548,2152,432,738,2796,1172,1428,2084,3432,2360,1276,1800,2628,1776,424,1988,1608,864,3236,1072,3048,2316,116,672,2712,932,2812,408,2620,1504,1564,912,376,288,2928,1208,3456,1624,2628,2144,1828,1464,2976,1344,1352,1380,2532,1245,2025,2349,2880,2163,1986,2070,1497,126,1941,1683,1296,312,1821,1707,3237,333,2430,795,2343,1755,3153,195,2427,2373,2766,1785,2451,2025,1389,189,2055,753,2367,603,2106,246,2217,816,2016,1890,2475,1491,2361,1890,1494,444,2484,621
2184,468,2052,720,3088,2396,1160,2104,2152,696,708,2352,2676,496,2968,1540,1336,448,628,2260,2424,1764,1504,840,,,,,2256,2156,2260,356,1404,2424,3004,1224,3736,2208,2104,2380,2452,1764,3136,1020,2056,1712,3048,1860,1864,188,2536,752,3244,1444,944,2052,3584,1052,1540,1852,3136,228,2056,868,2688,900,2728,1720,2172,1916,3004,88,2104,1960,1200,2072,2544,560,3156,1396,3712,1432,1860,2216,2748,2328,3448,392,216,2420,3320,1480,2880,720,1456,2080,2676,916,3168,1276,3348,1416,1628,1896,2816,2112,680,646,2912,1164,1392,2260,3320,2200,1548,2232,2692,2052,1660,1840,1348,784,3056,1300,3012,1672,296,1232,2552,1088,2364,552,2576,1908,1328,1036,432,224,2712,1644,3636,1632,3216,2364,1312,1700,3316,1612,888,1420,2418,624,2193,2124,2799,2418,2067,2259,1794,558,1917,2304,1392,759,2004,2076,3243,1200,2493,567,2235,2388,3426,222,2511,2094,3015,2091,2445,1551,1719,774,2076,840,2544,297,2166,21,2292,1617,2079,1029,2499,1782,2586,1659,1554,594,2520,1383
2300,332,2208,800,3428,2356,756,1976,2700,308,792,2100,2548,364,3104,1340,904,516,64,2392,2528,1696,1480,340,,,,,2496,1960,2368,396,1164,2184,3368,1256,2656,2352,2228,2244,2388,1776,3272,1152,1836,1480,3344,1792,1796,120,2696,996,3432,1464,816,1904,3500,768,1488,1924,3320,496,2624,956,2880,944,2180,1748,2276,1500,3572,344,2028,1460,1844,2372,2316,468,3392,1384,3672,1800,2272,1880,2836,2216,3312,468,548,1656,3316,1548,3384,808,1336,2388,2804,1072,2712,1328,3084,1096,1844,1884,3092,2300,776,542,3264,880,1252,2352,3152,2252,1556,2380,2784,2336,1792,1952,1084,1188,3036,1672,2872,1328,356,1508,2356,1152,1912,772,2252,2164,1264,828,212,16,3304,1676,3512,1320,2924,2436,1388,2256,3404,1484,1076,1068,2526,81,2109,1059,2769,882,2154,2076,1785,891,2031,1971,1662,2181,2061,2271,3261,1935,2664,1548,2466,2316,3363,1023,2655,1695,3234,1830,2580,1665,1710,1773,2109,312,2595,186,2217,84,2331,1221,2187,882,2526,2223,2835,813,1572,966,2574,1572
2484,204,2304,1008,3496,1864,312,2188,3296,404,408,2156,2176,372,2364,1852,788,448,1420,2072,2236,1496,1484,288,,,,,1912,2284,2580,708,1040,2100,3316,812,2340,2416,2256,2004,2120,2092,3472,1540,1916,1164,3688,1636,1728,104,48,2436,3500,1012,960,1644,3500,516,1700,1736,3148,624,2848,376,2452,320,2224,1564,1772,1604,3668,496,1812,1280,2324,1884,1732,200,3724,1288,3544,1992,2148,1552,3044,1928,2664,860,216,1636,3588,1856,3464,1044,1188,2252,2940,1076,2464,1320,3264,648,1992,1184,3708,2360,216,410,3724,584,908,2380,3132,2088,1284,2404,2856,2388,2100,2108,1032,1460,2608,1640,3456,1412,864,1480,2520,1344,1792,616,2392,2404,1172,784,300,600,3144,2104,2952,1880,1960,2324,1540,2244,3388,1408,1172,852,2808,1059,2256,1449,2784,1227,2355,2073,1866,978,2025,63,1707,1911,2007,1515,3309,1902,2898,18,2568,2310,3504,1386,2742,2229,3243,93,2790,1980,1728,2133,2139,441,2685,1704,2310,1059,2508,1320,2232,1809,2595,2103,2877,909,1605,1392,2730,1401
1816,196,2696,1680,3364,1880,128,1760,3488,380,560,2020,2828,116,2312,2260,732,340,1344,2000,2292,1492,1224,376,,,,,1580,2044,2368,948,1024,2196,2992,724,,,2300,1768,2204,2380,2280,1300,2256,1480,3144,1360,1484,56,3548,2440,,,488,1604,3336,360,1468,2196,3012,960,3536,392,3040,196,2184,1228,1816,1312,3492,860,1948,1104,2396,1668,2916,932,3452,1092,3456,1992,2916,1776,3300,1748,1852,928,72,1524,2860,1852,3480,1176,1000,1768,3112,876,2444,916,3144,612,2284,1008,3416,1976,52,638,3700,228,864,2336,3256,2012,1188,2256,2404,2124,2204,1892,424,2192,2588,1164,3352,1240,164,1800,1932,780,1640,708,1832,2416,980,768,556,672,3084,2168,2788,1972,2108,2068,1556,2168,3304,1408,848,932,2781,2262,2199,396,2904,1692,2481,1794,1908,2004,2112,1398,1833,1776,1794,462,3375,477,2949,363,2727,2139,3489,186,2904,2208,3393,960,2799,627,1737,2415,2226,930,2865,2103,2364,870,2553,1002,2280,2391,2631,2160,2862,336,1605,1776,2757,906
1180,204,2492,1932,3152,1744,908,1732,3576,708,268,1904,3000,320,3540,1640,640,300,1200,1616,2368,1300,1028,80,,,,,1260,1964,2492,1624,1244,2024,2948,556,,,996,2332,2224,2432,2224,1360,2344,1308,3240,1148,2008,12,,,,,52,1496,1264,2332,1268,2168,3156,1072,3736,332,3076,472,2176,880,812,1052,3736,992,2064,612,2696,1656,2792,1336,3500,796,3496,2304,3128,1872,3572,1648,1772,952,672,1140,,,3512,2280,696,1788,3428,776,2684,716,2892,544,2708,1104,3300,1412,232,1110,3336,1248,1148,1828,3716,1784,1048,2152,1784,2124,2508,2292,1448,2372,2952,756,3472,1292,64,1924,1608,764,2036,380,1836,2104,1048,640,592,744,,,3248,2292,1596,2384,1860,2420,3604,2328,744,760,2829,2433,2247,591,2805,546,2439,1557,1905,2421,2109,2037,2049,738,1911,261,3324,24,3045,2094,2694,1947,3684,525,2979,2199,3456,1896,2937,852,1863,2136,2268,1926,2991,1797,2343,1404,2499,558,2409,1794,2916,2364,2889,516,1608,1971,2796,987
1072,272,3000,2012,3200,1708,1184,1580,3044,708,784,1584,3188,240,3516,1384,860,160,1456,1844,2832,1744,996,764,,,,,2192,1580,2372,1000,940,1872,3336,656,,,904,2400,1924,1692,2124,1180,2776,1688,3360,1032,,,,,,,44,1212,1012,2200,1060,2044,2228,1060,3728,532,3456,532,2104,648,860,1136,3460,1188,1632,476,2732,1756,,,3732,632,1348,2176,3036,2312,3272,1556,1868,1104,988,1084,,,2752,2380,628,1740,3648,792,3008,688,2748,640,2912,632,2920,1364,340,954,3192,1248,1084,1668,3672,1776,892,2128,1568,2228,1996,2300,1352,2436,3684,396,3456,1176,248,2108,1772,532,1956,44,2076,656,1144,516,684,800,,,2560,1664,1536,2412,1932,2388,2900,2208,616,624,2952,1731,2385,690,2877,396,2487,225,2097,1989,2247,2061,2085,972,2202,273,3669,582,3045,654,2556,1491,3738,186,2883,1947,3564,1170,2973,123,1893,2082,2382,597,2922,276,2484,2202,2508,252,2454,1749,2751,1266,2835,2010,1452,2244,2841,129
840,204,3072,2156,2832,1588,1192,1392,2884,880,732,1236,3528,356,3464,1028,512,740,1556,2032,3420,2116,1032,1740,,,,,2304,1208,2788,1964,536,2136,3436,120,,,1156,2440,1848,1556,2304,1828,2672,1860,3600,596,,,,,,,456,976,2624,2212,1200,2296,2496,1260,3492,820,3664,204,2204,624,880,1592,3640,1608,1900,88,2808,2016,,,3364,328,824,2416,2880,2432,2952,1324,1772,1440,1088,1284,,,2640,2184,212,1752,2652,1760,3256,712,2572,948,3172,1132,2828,1120,304,970,3104,1404,1204,1436,3632,1440,652,2200,1924,1340,2744,1764,228,608,3680,48,3544,984,476,2268,2016,476,1460,236,2024,684,544,468,820,980,,,2296,2144,1152,2136,964,1524,2268,2152,596,1024,2976,573,2388,1182,3084,603,2592,819,2283,1683,2262,1995,2169,144,2259,279,3651,810,3426,1194,2667,1356,3735,1767,2913,1518,3681,2367,3168,765,1971,1014,2610,1101,3039,87,2667,1935,2652,1929,2502,2325,2532,453,2853,2217,1440,2343,2841,2418
964,620,3368,2320,2848,1376,1412,1476,2736,1132,656,1108,3608,332,3380,992,44,444,,,3576,2052,976,2220,,,,,2268,1164,2992,1992,460,1916,2748,108,,,484,1700,2164,1548,2708,2028,,,3504,508,,,,,,,,,,,,,2688,1428,3176,936,3412,608,2292,156,812,1808,3712,1820,2260,12,,,,,3392,208,784,2360,2676,2408,3676,964,1580,1480,1260,1352,,,2468,2220,220,1620,2532,2344,3712,792,2176,952,3244,1260,2776,932,392,1070,3228,1460,1292,1296,2904,1600,436,1996,3004,1420,2924,2184,400,488,3076,76,3076,776,1180,2136,1604,360,1288,68,1936,448,572,368,628,988,,,2216,2028,1456,1808,1128,1460,2244,1996,144,852,3024,1248,2538,1794,3162,501,2733,450,2574,2067,2259,1593,2220,1164,2256,669,3648,1371,3537,888,2631,66,,,2712,981,3681,2280,2919,2079,2004,576,2694,2049,3162,477,2748,1857,2742,2364,2577,2307,2286,3,3330,2337,1638,2403,3105,2319
1004,1256,3412,1912,3072,1504,1556,1044,2628,1616,376,812,3548,208,3276,460,,,,,3600,1976,724,2432,,,,,1792,872,2776,2200,48,2152,2884,284,,,420,1748,2224,1088,2684,2280,,,3420,576,,,,,,,,,,,,,3156,1572,,,3512,764,2748,528,556,2372,3060,1640,2760,68,,,,,2964,256,376,2396,,,3372,580,1996,1504,1336,1152,,,2328,2412,492,1388,2668,2260,3596,928,2224,772,1800,892,2896,896,456,1070,3328,1608,1392,868,2852,1988,592,1928,3252,1424,3296,2096,40,936,2784,420,2836,668,1556,2096,1468,440,536,32,2276,424,280,156,36,1072,,,2012,2056,1252,1736,1188,660,2324,1872,680,1744,3144,492,2592,1587,3261,372,2880,24,2586,276,2289,1059,2250,1413,2343,780,3726,2046,,,2778,912,,,2736,702,3471,6,3180,1173,2094,258,2907,1671,3252,1692,2874,1806,2709,2322,2280,477,2745,618,3303,1740,1827,360,3462,1848
636,1576,3740,2148,3144,1488,1848,1044,3428,1420,492,388,3732,112,3376,336,,,,,3304,1552,320,2004,,,,,1724,1332,2736,2428,144,1676,2852,336,,,416,1516,2196,596,2932,2160,,,3556,612,,,,,,,,,,,,,3596,1816,,,3436,816,3516,244,632,2316,2904,1588,3320,44,,,,,2896,632,32,2176,,,3612,256,2312,1628,1512,1120,,,2256,2388,920,1592,2900,2180,3092,1004,1908,524,1840,684,2648,488,408,1238,3352,1712,1536,768,2688,1992,648,1536,3728,1056,2452,1196,,,2408,664,2212,420,1476,1868,,,304,604,2404,604,140,940,916,1320,,,1704,2200,1256,1668,1080,528,2008,1888,408,1816,3168,744,2592,1296,3393,408,2856,1263,2925,855,2484,972,2265,1797,2352,2322,,,,,2814,1002,,,2571,111,,,3540,633,2079,1716,2871,1008,3324,1767,2805,1137,2790,1884,2640,1905,2949,294,3492,1800,1869,567,3333,1314
508,1444,3716,1756,3264,1444,1844,948,3420,2276,396,84,,,3556,296,,,,,3532,1096,164,1936,,,,,1344,1408,2416,2164,60,1668,2416,852,,,688,1292,1740,732,3140,2328,,,3716,272,,,,,,,,,,,,,,,,,3244,1068,3376,16,888,2176,2696,1700,3116,360,,,,,2724,544,576,1704,,,3700,76,2424,1620,1792,1072,,,1984,2328,1012,1568,3004,2024,,,1824,404,1292,1184,2880,524,40,1774,2984,1392,1612,788,2704,1448,712,1016,3244,1056,2564,1124,,,,,2544,1160,1556,1472,,,348,896,2460,340,540,932,1016,1744,,,1876,1840,1440,1268,1548,56,1960,1936,180,1772,3132,1830,2616,1245,3336,699,3081,1392,3027,246,2727,1317,2292,2076,2436,1362,,,,,2829,1578,,,2664,150,,,3423,1995,2367,1482,3054,768,3408,2139,2748,36,2745,420,2640,726,2937,1014,3477,1578,1974,411,3435,1344
568,1016,3608,1408,3128,1072,1892,856,3608,2188,776,96,,,2676,472,,,,,3440,856,584,1424,,,,,1160,1512,1672,2140,308,1488,2132,540,,,852,1176,1824,884,3208,1856,,,2868,688,,,,,,,,,,,,,,,,,3436,1304,3704,692,1052,2352,2956,1024,3204,688,,,,,2460,336,568,1532,,,3012,216,3136,1440,2104,964,,,1988,2232,1360,1760,2968,2292,,,1952,192,1268,1348,3232,488,0,1934,2440,1808,1532,468,3288,900,408,1008,2900,1304,2748,1128,,,,,3616,2080,1652,1480,,,480,912,2472,256,668,1012,1024,1968,,,1856,1660,724,2184,820,180,1980,2432,136,36,3126,1911,2643,1194,3738,1083,3123,1230,3099,1035,2745,1773,2391,834,2442,2007,,,,,2841,2316,,,2868,639,,,3660,612,2469,2334,3186,207,3318,1323,2919,1935,2901,537,2685,321,3096,126,3465,1110,1980,201,3609,774
104,1100,3260,1404,3120,992,2104,948,3720,2356,1020,308,,,,,,,,,3216,1012,528,1400,,,,,1216,1268,1380,2200,844,1708,1924,576,,,,,1728,1260,,,,,2940,860,,,,,,,,,,,,,,,,,3308,1384,3264,1200,1316,2004,2792,392,2984,932,,,,,,,152,1196,,,2952,336,3408,1832,3700,136,,,1224,2288,1552,1544,3136,2344,,,2180,236,1140,1808,3688,648,432,2234,2400,1868,1336,688,1552,1636,344,488,2380,824,2856,904,,,,,3704,2280,1708,1592,,,288,1052,2392,164,900,1168,1244,2076,,,1768,1576,716,1908,436,772,1528,2432,,,3162,2406,2808,489,3531,2142,2910,2184,3036,1569,2889,1944,2448,1359,2553,2172,,,,,2925,2073,,,3117,1800,,,3738,1176,2646,2046,3252,498,3444,1389,2991,2409,3006,732,2871,291,3135,1128,3174,339,2001,555,3591,1530
272,276,3136,1480,3144,932,2332,624,,,,,,,,,,,,,2396,908,468,1128,,,,,1312,784,1196,2316,836,1580,,,,,,,1544,1236,,,,,2876,1112,,,,,,,,,,,,,,,,,3116,1504,3056,1172,1528,2040,2576,872,3228,932,,,,,,,88,1044,,,2880,476,3620,1952,,,,,1340,2228,1456,1180,3180,2156,,,2848,192,1176,1924,3332,420,1076,2410,2248,1760,980,484,1580,1508,592,532,2340,832,3428,960,,,,,3548,64,1964,1892,,,300,1212,2300,80,884,1460,1320,1964,,,1916,1112,708,1772,348,1104,1568,1856,,,3243,2376,2826,1707,3666,2322,3354,1734,3177,201,2925,1587,2457,1641,2610,1488,,,,,2997,2367,,,3228,1257,,,3735,1998,2811,2088,3021,2220,3453,726,2961,1308,3480,159,2940,738,2913,2109,3333,444,2124,792,3738,222
68,160,3732,928,3272,548,2324,564,,,,,,,,,,,,,2556,432,676,696,,,,,900,908,352,2412,1084,1412,,,,,,,1352,1360,,,,,2716,1172,,,,,,,,,,,,,,,,,2764,1348,2816,1228,,,2416,952,3428,1516,,,,,,,,,,,2680,748,3496,2112,,,,,,,1672,1124,3644,2192,,,2852,112,1312,2268,3120,424,1208,1922,2508,2052,984,240,1960,1508,612,384,2232,804,3696,248,,,,,,,2168,2408,,,616,1264,2552,16,1056,1600,1268,2228,,,1612,1104,892,1580,520,1172,1484,1608,,,3231,2085,2904,1833,,,3594,1476,3282,234,2859,828,2610,1845,2670,1953,,,,,3204,2328,,,3360,1221,,,,,2823,2001,3126,2004,3723,1257,3003,1440,3537,1248,2973,1905,3282,2343,3438,624,2274,933,,
436,2292,3700,204,3540,192,1688,552,,,,,,,,,,,,,3360,316,448,716,,,,,836,1300,328,2104,788,1316,,,,,,,1228,1512,,,,,2652,1124,,,,,,,,,,,,,,,,,2104,2024,3084,1580,,,2572,1088,3260,1828,,,,,,,,,,,2600,832,2820,2216,,,,,,,1384,916,3612,2436,,,1664,552,1528,2056,3056,328,1532,2394,2888,2424,916,188,1992,1404,808,416,2396,472,3120,264,,,,,,,2392,2156,,,484,1468,3404,108,1212,1800,48,2212,,,1520,1024,480,1832,496,1468,1100,2036,,,3381,1089,3105,2418,,,3699,2421,3288,75,2913,708,2400,39,3096,1440,,,,,3165,1740,,,3492,1680,,,,,2895,1527,3201,2190,3738,1641,3075,1683,3462,2025,3000,1725,3375,1755,3531,666,2208,1533,,
512,2436,3656,68,2664,724,,,,,,,,,,,,,,,3660,436,256,776,,,,,808,1528,140,1868,772,1236,,,,,,,1444,1992,,,,,2588,908,,,,,,,,,,,,,,,,,2068,2056,3312,1708,,,2600,1152,3508,1992,,,,,,,,,,,2576,488,2344,2432,,,,,,,1176,888,,,,,1616,752,1084,2292,3132,292,1980,2322,2128,2256,676,348,2400,1352,468,128,2620,336,3088,464,,,,,,,2536,2228,,,752,1556,3424,236,1428,1608,,,,,1184,1264,144,1396,196,1656,908,1732,,,3372,840,3192,2004,,,,,3345,2301,3099,1470,2742,42,3087,165,,,,,3090,1314,,,3504,1173,,,,,2829,21,3252,1728,,,3144,2064,,,3141,1854,3279,1179,3672,729,2127,1956,,
656,528,3024,168,2592,416,,,,,,,,,,,,,,,,,456,548,,,,,656,2104,444,1648,812,840,,,,,,,1156,2128,,,,,2300,868,,,,,,,,,,,,,,,,,1692,2132,3280,1816,,,2204,1300,2800,2252,,,,,,,,,,,2608,252,2500,1948,,,,,,,964,1124,,,,,1540,1172,972,2432,2740,1776,1916,2134,1580,2416,476,436,2424,1292,144,32,2816,172,2948,516,,,,,,,2372,1872,,,900,1664,3620,276,1644,2376,,,,,1128,1968,48,1468,392,1928,792,1056,,,3447,30,3180,768,,,,,3405,2013,3138,1572,2745,585,3150,879,,,,,2958,789,,,3492,753,,,,,2967,270,3273,1656,,,3162,1284,,,3255,1785,3396,750,3567,204,2205,2004,,
3736,1752,2860,484,2588,28,,,,,,,,,,,,,,,,,732,464,,,,,616,2436,652,1636,800,768,,,,,,,912,2208,,,,,2364,724,,,,,,,,,,,,,,,,,3464,1884,3172,2216,,,2152,1168,2532,1312,,,,,,,,,,,,,,,,,,,,,828,1252,,,,,1232,1188,748,2396,2536,1740,1864,1966,1204,2324,152,744,2232,1244,16,208,3176,412,2804,152,,,,,,,2496,1524,,,932,1768,3696,336,1560,2340,,,,,592,1216,1056,752,124,2148,580,816,,,3429,894,3183,834,,,,,3456,1167,3147,1224,2721,1014,3153,1467,,,,,3207,510,,,3642,1686,,,,,3006,72,3240,1332,,,3585,2160,,,3378,1647,3504,1287,3675,1236,2355,1374,,
,,2748,540,,,,,,,,,,,,,,,,,,,,,,,,,108,1032,672,1708,604,784,,,,,,,512,2336,,,,,2684,704,,,,,,,,,,,,,,,,,,,,,,,,,,,,,,,,,,,,,,,,,,,,,,,212,1068,,,,,1100,1004,524,2296,2544,1604,1084,22,856,2300,16,612,2276,1160,160,1656,3652,240,2588,576,,,,,,,2452,1388,,,1040,1748,3544,668,760,2068,,,,,496,1080,672,776,180,2420,884,420,,,3372,1947,3186,336,,,,,3387,861,3138,1923,2898,1713,3321,684,,,,,3198,723,,,3699,885,,,,,3129,801,3405,2334,,,3603,2364,,,3321,1365,3582,1521,,,2472,669,,
,,,,,,,,,,,,,,,,,,,,,,,,,,,,,,1144,1896,604,548,,,,,,,596,1912,,,,,,,,,,,,,,,,,,,,,,,,,,,,,,,,,,,,,,,,,,,,,,,,,,,,,32,1112,,,,,976,828,884,2048,,,3160,1578,612,2384,72,1128,2012,988,208,1864,2384,128,2584,732,,,,,,,2660,1792,,,1100,1636,3504,1064,588,2088,,,,,208,1192,624,656,804,2404,1248,300,,,3483,2070,3678,324,,,,,3477,654,3252,447,2919,1902,3717,1809,,,,,3363,801,,,3738,315,,,,,3288,1047,3423,2058,,,3735,1467,,,3339,1272,,,,,2559,642,,
,,,,,,,,,,,,,,,,,,,,,,,,,,,,,,1208,1792,1312,564,,,,,,,928,1820,,,,,,,,,,,,,,,,,,,,,,,,,,,,,,,,,,,,,,,,,,,,,,,,,,,,,384,688,,,,,1236,652,404,1964,,,2944,1758,,,440,1224,2008,940,40,2160,2232,224,,,,,,,,,3016,1464,,,1224,1604,3732,1188,492,2364,,,,,76,1156,732,668,752,2052,1336,68,,,3534,513,3567,705,,,,,3456,147,3498,2067,3084,1905,,,,,,,3708,366,,,,,,,,,3537,1398,3735,2361,,,,,,,3288,954,,,,,2691,219,,
,,,,,,,,,,,,,,,,,,,,,,,,,,,,,,1388,1968,1364,832,,,,,,,780,1416,,,,,,,,,,,,,,,,,,,,,,,,,,,,,,,,,,,,,,,,,,,,,,,,,,,,,192,576,,,,,,,352,1816,,,2892,1866,,,568,1512,2012,756,,,2072,360,,,,,,,,,3256,1508,,,1268,1576,3232,1244,100,1548,,,,,300,1408,,,,,892,212,,,3645,2223,3717,864,,,,,3558,177,3549,2211,3090,1002,,,,,,,3678,1482,,,,,,,,,3648,1929,3381,1032,,,,,,,3303,900,,,,,2712,441,,
,,,,,,,,,,,,,,,,,,,,,,,,,,,,,,1316,1496,1364,896,,,,,,,804,892,,,,,,,,,,,,,,,,,,,,,,,,,,,,,,,,,,,,,,,,,,,,,,,,,,,,,,,,,,,,,120,1872,,,2664,1762,,,428,1888,1888,640,,,,,,,,,,,,,3424,1880,,,1236,1756,3212,1112,300,1560,,,,,260,1500,,,,,500,180,,,3693,690,3387,1437,,,,,3696,69,3651,1413,3249,1926,,,,,,,,,,,,,,,,,,,3396,771,,,,,,,,,,,,,2691,1572,,
,,,,,,,,,,,,,,,,,,,,,,,,,,,,,,1176,1344,1584,792,,,,,,,880,592,,,,,,,,,,,,,,,,,,,,,,,,,,,,,,,,,,,,,,,,,,,,,,,,,,,,,,,,,,,,,300,1800,,,2968,2238,,,300,1968,1992,452,,,,,,,,,,,,,3596,2128,,,1032,2204,2836,616,48,1888,,,,,292,1916,,,,,444,296,,,3684,2040,3510,1266,,,,,3669,1203,,,3255,2184,,,,,,,,,,,,,,,,,,,3588,531,,,,,,,,,,,,,2712,2172,,
,,,,,,,,,,,,,,,,,,,,,,,,,,,,,,1316,1228,1448,1380,,,,,,,496,1004,,,,,,,,,,,,,,,,,,,,,,,,,,,,,,,,,,,,,,,,,,,,,,,,,,,,,,,,,,,,,396,1756,,,3092,1810,,,256,1736,2196,672,,,,,,,,,,,,,3732,2228,,,976,2208,3556,2004,164,1180,,,,,484,1972,,,,,448,1332,,,3729,210,3579,1230,,,,,,,,,3387,2376,,,,,,,,,,,,,,,,,,,3348,18,,,,,,,,,,,,,2784,2142,,
,,,,,,,,,,,,,,,,,,,,,,,,,,,,,,944,1416,,,,,,,,,444,1052,,,,,,,,,,,,,,,,,,,,,,,,,,,,,,,,,,,,,,,,,,,,,,,,,,,,,,,,,,,,,216,2012,,,3268,1638,,,192,1652,2436,796,,,,,,,,,,,,,3484,2224,,,748,2232,3672,1956,,,,,,,444,2168,,,,,184,1672,,,,,3690,1821,,,,,,,,,3294,1509,,,,,,,,,,,,,,,,,,,3420,6,,,,,,,,,,,,,2778,2088,,
,,,,,,,,,,,,,,,,,,,,,,,,,,,,,,656,1436,,,,,,,,,176,1168,,,,,,,,,,,,,,,,,,,,,,,,,,,,,,,,,,,,,,,,,,,,,,,,,,,,,,,,,,,,,264,2068,,,3568,1384,,,56,1712,2608,924,,,,,,,,,,,,,3168,2228,,,828,2264,3424,2220,,,,,,,532,2328,,,,,52,2172,,,,,3708,1587,,,,,,,,,3423,1593,,,,,,,,,,,,,,,,,,,3561,1314,,,,,,,,,,,,,3003,1182,,
,,,,,,,,,,,,,,,,,,,,,,,,,,,,,,248,1084,,,,,,,,,44,1280,,,,,,,,,,,,,,,,,,,,,,,,,,,,,,,,,,,,,,,,,,,,,,,,,,,,,,,,,,,,,340,2420,,,3716,1878,,,,,2668,936,,,,,,,,,,,,,3260,2012,,,576,2236,3432,2312,,,,,,,460,2416,,,,,,,,,,,3729,1416,,,,,,,,,3465,1410,,,,,,,,,,,,,,,,,,,3624,1206,,,,,,,,,,,,,3279,645,,
,,,,,,,,,,,,,,,,,,,,,,,,,,,,,,800,1020,,,,,,,,,2512,2440,,,,,,,,,,,,,,,,,,,,,,,,,,,,,,,,,,,,,,,,,,,,,,,,,,,,,,,,,,,,,180,1540,,,3424,2422,,,,,2700,612,,,,,,,,,,,,,3308,1912,,,424,1996,3564,2344,,,,,,,,,,,,,,,,,,,,,,,,,,,,,3489,2391,,,,,,,,,,,,,,,,,,,3606,1146,,,,,,,,,,,,,3441,555,,
,,,,,,,,,,,,,,,,,,,,,,,,,,,,,,,,,,,,,,,,,,,,,,,,,,,,,,,,,,,,,,,,,,,,,,,,,,,,,,,,,,,,,,,,,,,,,,,,,,,,,,208,1444,,,2660,2442,,,,,3048,304,,,,,,,,,,,,,3100,1976,,,228,1756,3232,2332,,,,,,,,,,,,,,,,,,,,,,,,,,,,,3477,411,,,,,,,,,,,,,,,,,,,,,,,,,,,,,,,,,3576,120,,
,,,,,,,,,,,,,,,,,,,,,,,,,,,,,,,,,,,,,,,,,,,,,,,,,,,,,,,,,,,,,,,,,,,,,,,,,,,,,,,,,,,,,,,,,,,,,,,,,,,,,,432,844,,,1572,8,,,,,3456,356,,,,,,,,,,,,,2880,2028,,,336,2180,3188,2240,,,,,,,,,,,,,,,,,,,,,,,,,,,,,3552,480,,,,,,,,,,,,,,,,,,,,,,,,,,,,,,,,,3357,1551,,
,,,,,,,,,,,,,,,,,,,,,,,,,,,,,,,,,,,,,,,,,,,,,,,,,,,,,,,,,,,,,,,,,,,,,,,,,,,,,,,,,,,,,,,,,,,,,,,,,,,,,,,,,,,,,,,,2600,24,,,,,,,,,,,,,2788,2068,,,100,2320,,,,,,,,,,,,,,,,,,,,,,,,,,,,,,,3621,108,,,,,,,,,,,,,,,,,,,,,,,,,,,,,,,,,3291,2355,,
,,,,,,,,,,,,,,,,,,,,,,,,,,,,,,,,,,,,,,,,,,,,,,,,,,,,,,,,,,,,,,,,,,,,,,,,,,,,,,,,,,,,,,,,,,,,,,,,,,,,,,,,,,,,,,,,,,,,,,,,,,,,,,,,,,,,,,,,,,,,,,,,,,,,,,,,,,,,,,,,,,3729,1764,,,,,,,,,,,,,,,,,,,,,,,,,,,,,,,,,3507,2334,,
,,,,,,,,,,,,,,,,,,,,,,,,,,,,,,,,,,,,,,,,,,,,,,,,,,,,,,,,,,,,,,,,,,,,,,,,,,,,,,,,,,,,,,,,,,,,,,,,,,,,,,,,,,,,,,,,,,,,,,,,,,,,,,,,,,,,,,,,,,,,,,,,,,,,,,,,,,,,,,,,,,,,,,,,,,,,,,,,,,,,,,,,,,,,,,,,,,,,3678,2184,,
,,,,,,,,,,,,,,,,,,,,,,,,,,,,,,,,,,,,,,,,,,,,,,,,,,,,,,,,,,,,,,,,,,,,,,,,,,,,,,,,,,,,,,,,,,,,,,,,,,,,,,,,,,,,,,,,,,,,,,,,,,,,,,,,,,,,,,,,,,,,,,,,,,,,,,,,,,,,,,,,,,,,,,,,,,,,,,,,,,,,,,,,,,,,,,,,,,,,3648,2001,,